{"cameraMode":{"drawMode":0,"name":"Shaded","section":"Shading Mode"},"sceneLighting":false,"audioPlay":false,"sceneViewState":{"showFog":true,"showMaterialUpdate":false,"showSkybox":false,"showFlares":true,"showImageEffects":true,"showParticleSystems":true},"in2DMode":false,"pivot":{"x":-0.42896345257759097,"y":0.7190353870391846,"z":0.13186883926391602},"rotation":{"x":0.15085598826408387,"y":-0.029057178646326066,"z":0.004436163697391748,"w":0.9881191253662109},"size":7.101841926574707,"orthographic":false}