{"cameraMode":{"drawMode":0,"name":"Shaded","section":"Shading Mode"},"sceneLighting":false,"audioPlay":false,"sceneViewState":{"showFog":true,"showMaterialUpdate":false,"showSkybox":false,"showFlares":true,"showImageEffects":true,"showParticleSystems":true},"in2DMode":false,"pivot":{"x":2.0818257331848146,"y":-0.014230728149414063,"z":1.0468082427978516},"rotation":{"x":0.09201053529977799,"y":0.1914483904838562,"z":-0.018032647669315339,"w":0.9770224094390869},"size":22.38617515563965,"orthographic":false}