{"cameraMode":{"drawMode":0,"name":"Shaded","section":"Shading Mode"},"sceneLighting":false,"audioPlay":false,"sceneViewState":{"showFog":true,"showMaterialUpdate":false,"showSkybox":false,"showFlares":true,"showImageEffects":true,"showParticleSystems":true},"in2DMode":false,"pivot":{"x":0.011999532580375672,"y":0.7220749855041504,"z":0.2509770393371582},"rotation":{"x":0.16868746280670167,"y":0.005028789397329092,"z":-0.0008606288465671241,"w":0.9856569766998291},"size":7.101842403411865,"orthographic":false}