{"cameraMode":{"drawMode":0,"name":"Shaded","section":"Shading Mode"},"sceneLighting":false,"audioPlay":false,"sceneViewState":{"showFog":true,"showMaterialUpdate":false,"showSkybox":false,"showFlares":true,"showImageEffects":true,"showParticleSystems":true},"in2DMode":false,"pivot":{"x":-1.0099523067474366,"y":0.38223400712013247,"z":0.03290414810180664},"rotation":{"x":0.07641909271478653,"y":-0.012860007584095002,"z":0.000985719496384263,"w":0.9969925880432129},"size":3.3000569343566896,"orthographic":false}