{"cameraMode":{"drawMode":0,"name":"Shaded","section":"Shading Mode"},"sceneLighting":false,"audioPlay":false,"sceneViewState":{"showFog":true,"showMaterialUpdate":false,"showSkybox":false,"showFlares":true,"showImageEffects":true,"showParticleSystems":true},"in2DMode":false,"pivot":{"x":3.23707914352417,"y":0.10869693756103516,"z":0.059854984283447269},"rotation":{"x":0.2507688105106354,"y":0.013650777749717236,"z":-0.0035365456715226175,"w":0.9679449200630188},"size":5.707810878753662,"orthographic":false}