{"cameraMode":{"drawMode":0,"name":"Shaded","section":"Shading Mode"},"sceneLighting":false,"audioPlay":false,"sceneViewState":{"showFog":true,"showMaterialUpdate":false,"showSkybox":false,"showFlares":true,"showImageEffects":true,"showParticleSystems":true},"in2DMode":false,"pivot":{"x":0.18656671047210694,"y":2.154886245727539,"z":0.6688289642333984},"rotation":{"x":0.07641909271478653,"y":-0.012860007584095002,"z":0.000985719496384263,"w":0.9969925880432129},"size":29.16288948059082,"orthographic":false}