{"cameraMode":{"drawMode":0,"name":"Shaded","section":"Shading Mode"},"sceneLighting":false,"audioPlay":false,"sceneViewState":{"showFog":true,"showMaterialUpdate":false,"showSkybox":false,"showFlares":true,"showImageEffects":true,"showParticleSystems":true},"in2DMode":false,"pivot":{"x":0.29733961820602419,"y":1.4570567607879639,"z":0.8012208938598633},"rotation":{"x":0.2507688105106354,"y":0.013650777749717236,"z":-0.0035365456715226175,"w":0.9679449200630188},"size":9.049324989318848,"orthographic":false}