{"cameraMode":{"drawMode":0,"name":"Shaded","section":"Shading Mode"},"sceneLighting":false,"audioPlay":false,"sceneViewState":{"showFog":true,"showMaterialUpdate":false,"showSkybox":false,"showFlares":true,"showImageEffects":true,"showParticleSystems":true},"in2DMode":false,"pivot":{"x":0.022864215075969697,"y":0.84071284532547,"z":0.1304783821105957},"rotation":{"x":0.07641909271478653,"y":-0.012860007584095002,"z":0.000985719496384263,"w":0.9969925880432129},"size":4.884409427642822,"orthographic":false}