{"cameraMode":{"drawMode":0,"name":"Shaded","section":"Shading Mode"},"sceneLighting":false,"audioPlay":false,"sceneViewState":{"showFog":true,"showMaterialUpdate":false,"showSkybox":false,"showFlares":true,"showImageEffects":true,"showParticleSystems":true},"in2DMode":false,"pivot":{"x":250.12451171875,"y":1153.1669921875,"z":4227.853515625},"rotation":{"x":0.5989691019058228,"y":-0.3999086916446686,"z":0.4663070738315582,"w":0.5136867761611939},"size":5223.376953125,"orthographic":false}